name,WKT
Hub Weena,"POLYGON((4.469607662 51.922853826, 4.469650726 51.922771495, 4.468739394 51.922613669, 4.468711932 51.922673228, 4.469607662 51.922853826))"
RK Van der Takstraat ,"POLYGON((4.496148886 51.914194102, 4.496046962 51.914262763, 4.496013434 51.914244564, 4.496115358 51.914176729, 4.496148886 51.914194102))"
BH Metro Oostplein,"POLYGON((4.497641682 51.922695985, 4.49756524 51.922673654, 4.497574627 51.922659593, 4.497652411 51.922681925, 4.497641682 51.922695985))"
BH Stadion Fey (Bert Heesakkerstr.),"POLYGON((4.521757915 51.896945165, 4.521853866 51.89692781, 4.521711594 51.896666472, 4.521617297 51.896685868, 4.521757915 51.896945165))"
BH Prinsenlaan,"POLYGON((4.536191959 51.937229608, 4.536201346 51.93720811, 4.536063213 51.937183305, 4.536053825 51.937204803, 4.536191959 51.937229608))"
RK P+R Noorderhelling,"POLYGON((4.532131424 51.894701428, 4.532075098 51.894813983, 4.532115331 51.894820604, 4.532170317 51.894707222, 4.532131424 51.894701428))"
BH Metrostation Hesseplaats,"POLYGON((4.554572374 51.963362996, 4.554442287 51.963341511, 4.554446311 51.963327463, 4.55457908 51.963346469, 4.554572374 51.963362996))"
BH Siciliëboulevard ,"POLYGON((4.58086512 51.979902109, 4.580879872 51.980030145, 4.580851709 51.980030971, 4.580839639 51.979903761, 4.58086512 51.979902109))"
BH Metrostation Nesselande,"POLYGON((4.586150465 51.978928692, 4.586197065 51.978926713, 4.586205099 51.979009853, 4.586156893 51.979011833, 4.586150465 51.978928692))"
BH Prins Alexanderlaan (Oosterflank),"POLYGON((4.553785997 51.946615257, 4.553858416 51.946626003, 4.553832935 51.946677255, 4.553764539 51.946667336, 4.553785997 51.946615257))"
BH Zuidplein (van Swietenlaan),"POLYGON((4.486898791 51.887446403, 4.487007476 51.88741957, 4.487082002 51.887538399, 4.486973318 51.887561399, 4.486898791 51.887446403))"
BH Jan Bijloostraat (Winkelcentrum Lage Land),"POLYGON((4.546373496 51.941819101, 4.546378861 51.941803393, 4.546525041 51.941826542, 4.546518335 51.941840597, 4.546373496 51.941819101))"
BH Shell Hofplein,"POLYGON((4.477700919 51.925702912, 4.477736814 51.925640383, 4.47781626 51.925653538, 4.477910775 51.92567288, 4.477892636 51.925708764, 4.47787954 51.92573662, 4.477700919 51.925702912))"
BH Walenburgerweg,"POLYGON((4.462597471 51.926679994, 4.462657821 51.926703151, 4.462641728 51.926722172, 4.462578696 51.926696534, 4.462597471 51.926679994))"
BH Elandstraat,"POLYGON((4.553889051 51.910838542, 4.553898439 51.91076243, 4.553867594 51.910761603, 4.553859547 51.910836888, 4.553889051 51.910838542))"
BH Ganzerikplein,"POLYGON((4.471636319 51.958930136, 4.47151696 51.95896154, 4.471525007 51.958976416, 4.471651071 51.958944185, 4.471636319 51.958930136))"
BH Argonautenweg,"POLYGON((4.493624252 51.959073902, 4.493598771 51.959049936, 4.493475389 51.959098695, 4.493503552 51.959123488, 4.493624252 51.959073902))"
BH Molenlaan/Grindweg,"POLYGON((4.495714033 51.963265854, 4.495679164 51.963189004, 4.495705986 51.96318322, 4.495742196 51.963261722, 4.495714033 51.963265854))"
BH Beethovensingel,"POLYGON((4.505075733 51.961143406, 4.505203138 51.961137621, 4.505207162 51.961152496, 4.505079757 51.96116076, 4.505075733 51.961143406))"
BH Meijersplein,"POLYGON((4.463081454 51.955643928, 4.463082795 51.95566459, 4.462987577 51.955672029, 4.462984894 51.955648061, 4.463081454 51.955643928))"
BH Metrostation Slinge,"POLYGON((4.477869181 51.874579428, 4.47790405 51.874576944, 4.477874546 51.874472619, 4.477841018 51.874476758, 4.477869181 51.874579428))"
RK Hillevliet,"POLYGON((4.506412089 51.895608783, 4.506475066 51.895576222, 4.506452939 51.895561518, 4.506389963 51.895591977, 4.506412089 51.895608783))"
BH Metrostation Melanchtonweg,"POLYGON((4.4650936 51.948874812, 4.465049344 51.948954993, 4.465006429 51.948946727, 4.465052026 51.948867373, 4.4650936 51.948874812))"
RK Rosestraat,"POLYGON((4.501333384 51.910975873, 4.501244871 51.911018066, 4.501285104 51.911036267, 4.501372276 51.910997383, 4.501333384 51.910975873))"
RK Molenvliet,"POLYGON((4.521210469 51.882699361, 4.521198399 51.882633135, 4.521156825 51.882634791, 4.521164871 51.882702673, 4.521210469 51.882699361))"
RK Groene Hilledijk,"POLYGON((4.504208999 51.882713602, 4.504296171 51.88275996, 4.504324334 51.882739265, 4.504235822 51.882692906, 4.504208999 51.882713602))"
RK Sandelingenplein,"POLYGON((4.506897953 51.88955261, 4.507026699 51.889555093, 4.507025358 51.889571647, 4.506899294 51.889567508, 4.506897953 51.88955261))"
RK Breeweg,"POLYGON((4.514317496 51.890648013, 4.514195455 51.890636426, 4.514202161 51.890613251, 4.514326884 51.890624838, 4.514317496 51.890648013))"
RK Frankendaal,"POLYGON((4.521282752 51.886922591, 4.521250566 51.886935835, 4.521305551 51.886981361, 4.521337738 51.886968945, 4.521282752 51.886922591))"
RK Guido Gezelleweg,"POLYGON((4.523277708 51.874375049, 4.523178466 51.87433779, 4.523198583 51.87431709, 4.523297824 51.874354349, 4.523277708 51.874375049))"
BH Treinst. Lombardijen (Aesopusplaats),"POLYGON((4.529960491 51.880526034, 4.530026206 51.880543419, 4.530120083 51.880434141, 4.53005571 51.880412616, 4.529960491 51.880526034))"
RK Olympiaweg,"POLYGON((4.529220474 51.886466057, 4.529197675 51.886494201, 4.52904613 51.886459435, 4.529062224 51.886431291, 4.529220474 51.886466057))"
RK Stadionlaan,"POLYGON((4.53071321 51.892275978, 4.530738115 51.892283663, 4.530657173 51.892381647, 4.530627598 51.892372041, 4.53071321 51.892275978))"
RK Dwarsdijk,"POLYGON((4.539198151 51.893102335, 4.539152553 51.893020399, 4.539207538 51.893009639, 4.539250454 51.893093231, 4.539198151 51.893102335))"
RK Rosestraat 11C,"POLYGON((4.511433401 51.9029172, 4.511401215 51.902905616, 4.51132209 51.902990016, 4.511356958 51.903002428, 4.511433401 51.9029172))"
RK Metrostation Maashaven (Putselaan),"POLYGON((4.495734562 51.897757829, 4.495758702 51.897833964, 4.495786865 51.897828171, 4.495766748 51.897754519, 4.495734562 51.897757829))"
RK Beijerlandselaan,"POLYGON((4.510562904 51.897456557, 4.510498531 51.897425938, 4.510482437 51.897436696, 4.51054681 51.897468143, 4.510562904 51.897456557))"
RK Strevelsweg,"POLYGON((4.495827362 51.889644042, 4.496058032 51.889649008, 4.496059373 51.889625832, 4.495830044 51.889620866, 4.495827362 51.889644042))"
BH Rhijnauwensingel Oude Watering,"POLYGON((4.569761773 51.892567741, 4.569789936 51.892650506, 4.569753726 51.892678646, 4.569788595 51.892691888, 4.56981944 51.892652161, 4.569793959 51.892563603, 4.569761773 51.892567741))"
BH Metrostation Hoek van Holland,"POLYGON((4.127418311 51.976288468, 4.127354849 51.976257753, 4.127456842 51.976162814, 4.127518038 51.976189341, 4.127418311 51.976288468))"
Hub P+R Capelsebrug,"POLYGON((4.559158494 51.920940512, 4.559295287 51.920986004, 4.559189339 51.921107591, 4.559082051 51.921071197, 4.559165199 51.920974424, 4.559137036 51.920966153, 4.559158494 51.920940512))"
BH Willemsplein,"POLYGON((4.48197859 51.911166892, 4.481867278 51.911127182, 4.481915558 51.91106017, 4.481872642 51.911046933, 4.481810951 51.911139591, 4.481969202 51.911190884, 4.48197859 51.911166892))"
BH Westplein,"POLYGON((4.478583441 51.908869112, 4.478544549 51.908950192, 4.478586123 51.908956811, 4.478622333 51.908874904, 4.478583441 51.908869112))"
BH Kievitslaan,"POLYGON((4.473371908 51.9071615, 4.473267302 51.907304636, 4.47322841 51.907294707, 4.473330334 51.907149089, 4.473371908 51.9071615))"
RK Wilhelminakade,"POLYGON((4.489665786 51.906922798, 4.489798555 51.907001399, 4.489750276 51.90702622, 4.489621529 51.906946792, 4.489665786 51.906922798))"
RK treinstation Lombardijen,"POLYGON((4.531828419 51.880528702, 4.532017519 51.880590336, 4.531981212 51.880629558, 4.531793625 51.880567924, 4.531828419 51.880528702))"
RK Cor Kieboomplein,"POLYGON((4.523395533 51.896956383, 4.523628885 51.896919142, 4.523614133 51.896887695, 4.523376757 51.896926591, 4.523395533 51.896956383))"
BH Herenwaard (thv nr 20),"POLYGON((4.548953239 51.886976881, 4.548821811 51.887034824, 4.548782919 51.887009164, 4.54891703 51.886949566, 4.548953239 51.886976881))"
RK Beverwaardseweg/ Borgharensingel,"POLYGON((4.564590603 51.898795796, 4.564725163 51.898778004, 4.564736148 51.898802574, 4.564597468 51.898818672, 4.564590603 51.898795796))"
RK Persoonsdam,"POLYGON((4.508057399 51.909337642, 4.50808288 51.909314476, 4.507978273 51.909280555, 4.507951451 51.909306203, 4.508057399 51.909337642))"
RK Station Rdam Zuid,"POLYGON((4.509642969 51.905526399, 4.509563843 51.905592591, 4.509494106 51.905590109, 4.509601394 51.905497439, 4.509642969 51.905526399))"
RK Vuurplaat,"POLYGON((4.505761659 51.906490263, 4.505866265 51.906585413, 4.505914545 51.906562246, 4.505801892 51.906467923, 4.505761659 51.906490263))"
RK Metrostation Rijnhaven ,"POLYGON((4.496080188 51.902291798, 4.496164049 51.902284806, 4.496139117 51.902142163, 4.49603939 51.902153351, 4.496080188 51.902291798))"
RK Metrostation Maashaven ,"POLYGON((4.494097412 51.896513092, 4.494238686 51.896463276, 4.494392933 51.896632294, 4.49425166 51.896683888, 4.494097412 51.896513092))"
RK Slaghekstraat - Beijerlandselaan,"POLYGON((4.511300496 51.897623245, 4.511203936 51.89762159, 4.51122003 51.897526421, 4.511319271 51.897533042, 4.511300496 51.897623245))"
RK Groene Hilledijk/Beijerlandselaan,"POLYGON((4.509502659 51.893857798, 4.509448226 51.893867751, 4.509401858 51.893753291, 4.509460323 51.893745826, 4.509502659 51.893857798))"
RK Peellandstraat / Beesdestraat ,"POLYGON((4.567385886 51.888592002, 4.567286197 51.888602549, 4.567223535 51.888571786, 4.567197901 51.888475979, 4.567286197 51.888468068, 4.567385886 51.888592002))"
BH Delftse Poort,"POLYGON((4.472793068 51.924428744, 4.472819063 51.924381719, 4.472845223 51.924387648, 4.472818279 51.92443457, 4.472793068 51.924428744))"
BH Sint Franciscus,"POLYGON((4.460474728 51.942109555, 4.460608838 51.942116169, 4.460604815 51.942152545, 4.46050155 51.942150891, 4.460496186 51.942179, 4.460463999 51.942178174, 4.460474728 51.942109555))"
BH Heemraadsplein,"POLYGON((4.455107036 51.912324613, 4.455097648 51.912339504, 4.455009135 51.912322131, 4.455018523 51.912306413, 4.455107036 51.912324613))"
BH Metro Coolhaven,"POLYGON((4.458197386 51.90923525, 4.458130331 51.909216221, 4.458138378 51.909201329, 4.458205433 51.90921953, 4.458197386 51.90923525))"
BH Sparta stadion,"POLYGON((4.434343933 51.920224861, 4.434367765 51.920234048, 4.434513736 51.920076037, 4.434492883 51.920068688, 4.434343933 51.920224861))"
BH Coen Moulijnweg,"POLYGON((4.526064656 51.893558274, 4.526072103 51.893547244, 4.527663863 51.894066669, 4.527652392 51.89407678, 4.526064656 51.893558274))"
BH Marconiplein,"POLYGON((4.432555352 51.913356504, 4.432531212 51.91336395, 4.432472204 51.913281223, 4.432495002 51.913274605, 4.432555352 51.913356504))"
RK P+R Beverwaard,"POLYGON((4.568956362 51.885811437, 4.568999472 51.885814748, 4.569016115 51.885729776, 4.568974621 51.885728281, 4.568956362 51.885811437))"
BH Metro Zuidplein (nieuw),"POLYGON((4.491494456 51.887203647, 4.49148425 51.88718475, 4.491614881 51.887157035, 4.491625087 51.887175932, 4.491494456 51.887203647))"
BH Winkelhart Asterlo,"POLYGON((4.483529374 51.873529763, 4.483656779 51.873528935, 4.483656779 51.873543011, 4.483526692 51.873543839, 4.483529374 51.873529763))"
BH Langenhorst ,"POLYGON((4.494270286 51.874084036, 4.494275651 51.874156899, 4.494235417 51.874157727, 4.494234076 51.874085692, 4.494270286 51.874084036))"
BH Winkelhart Katendrechtse Lagedijk,"POLYGON((4.479497702 51.891203146, 4.479403825 51.891153486, 4.479382367 51.891166729, 4.479480268 51.891216389, 4.479497702 51.891203146))"
BH Station Alexander,"POLYGON((4.551016375 51.951776328, 4.551051244 51.951690366, 4.55108209 51.951693673, 4.551044539 51.951781288, 4.551016375 51.951776328))"
BH Metrostation Oosterflank,"POLYGON((4.554999849 51.945191139, 4.555099091 51.945212633, 4.555092385 51.945227513, 4.554991802 51.945206846, 4.554999849 51.945191139))"
BH Metro Beurs,"POLYGON((4.480162038 51.917808908, 4.480155333 51.91782297, 4.480052067 51.917803118, 4.480058773 51.917789056, 4.480162038 51.917808908))"
BH Metro Romeynshof,"POLYGON((4.543757767 51.961497811, 4.543695595 51.96148767, 4.543680967 51.961519219, 4.54374131 51.96152936, 4.543757767 51.961497811))"
BH Metro Prinsenlaan,"POLYGON((4.556870836 51.940650587, 4.556879008 51.940628421, 4.556991776 51.940644542, 4.556985239 51.940666707, 4.556870836 51.940650587))"
BH Metro Dijkzigt - EMC,"POLYGON((4.466474711 51.911855162, 4.466489459 51.911835708, 4.466272528 51.911774849, 4.466257781 51.911796821, 4.466474711 51.911855162))"
BH Tongelaarweg,"POLYGON((4.563443247 51.895298685, 4.563593451 51.895277995, 4.563588086 51.895261443, 4.563436542 51.895282133, 4.563443247 51.895298685))"
BH Schilderstraat,"POLYGON((4.481470691 51.916368759, 4.481470691 51.916387853, 4.48138667 51.916386944, 4.48138667 51.916366941, 4.481470691 51.916368759))"
BH Franselaan,"POLYGON((4.420517151 51.917368385, 4.420408522 51.917379965, 4.420409863 51.917389891, 4.420518492 51.917378311, 4.420517151 51.917368385))"
BH Kraaierstraat,"POLYGON((4.418189545 51.919132134, 4.418178816 51.919064307, 4.418197592 51.919061826, 4.418206979 51.919131307, 4.418189545 51.919132134))"
BH Vierhavenstraat,"POLYGON((4.434935996 51.910387164, 4.435027191 51.910263066, 4.43504999 51.91026803, 4.434960136 51.910392128, 4.434935996 51.910387164))"
BH Willem Ruyslaan (Luzac College),"POLYGON((4.508706997 51.925444633, 4.508653353 51.925392529, 4.508631895 51.925399146, 4.508688222 51.925451249, 4.508706997 51.925444633))"
BH Marconistraat (Lee Towers),"POLYGON((4.430476903 51.912438953, 4.430350839 51.912426544, 4.430345475 51.912443917, 4.43047288 51.912455499, 4.430476903 51.912438953))"
BH Jacques Dutilhweg,"POLYGON((4.547565121 51.928006515, 4.547570486 51.927992457, 4.547465879 51.927980052, 4.547460515 51.927992457, 4.547565121 51.928006515))"
BH Metrostation Kralingsezoom (Gravenweg),"POLYGON((4.533816067 51.921765767, 4.53389251 51.921750052, 4.533887146 51.921737645, 4.53380802 51.921752533, 4.533816067 51.921765767))"
BH STC Waalhaven,"POLYGON((4.448885851 51.87827201, 4.448625676 51.878299331, 4.448631041 51.878322541, 4.448893897 51.87829522, 4.448885851 51.87827201))"
BH Winkelhart Plein 1953,"POLYGON((4.467959267 51.874842065, 4.467954782 51.874826372, 4.467820211 51.874842065, 4.467826192 51.874857758, 4.467959267 51.874842065))"
BH Metrostation Gerdesiaweg,"POLYGON((4.506149937 51.925404436, 4.50619017 51.925476389, 4.506159325 51.925483832, 4.506121774 51.925408571, 4.506149937 51.925404436))"
BH Oostzeedijk Beneden,"POLYGON((4.503037307 51.922541952, 4.503163371 51.922504732, 4.503153983 51.922486536, 4.503022555 51.922523756, 4.503037307 51.922541952))"
BH Metrostation Binnenhof,"POLYGON((4.535301887 51.96041762, 4.535452091 51.960444065, 4.535448068 51.960458114, 4.535293841 51.960431669, 4.535301887 51.96041762))"
BH Delftseplein ,"POLYGON((4.47398555 51.925282189, 4.473957387 51.925278054, 4.47403383 51.925129185, 4.474066016 51.925136629, 4.473994937 51.925283843, 4.47398555 51.925282189))"
BH Blijdorplaan ,"POLYGON((4.440698537 51.927299973, 4.440717312 51.927322302, 4.440175506 51.927478606, 4.440158072 51.927457931, 4.440698537 51.927299973))"
BH Schiedamseweg Beneden,"POLYGON((4.422263836 51.914128942, 4.422328209 51.914125633, 4.422330891 51.914140524, 4.422263836 51.91414466, 4.422263836 51.914128942))"
BH Winkelcentrum Keizerswaard-Herenw,"POLYGON((4.54932616 51.886511941, 4.549280563 51.886513596, 4.549284586 51.886203186, 4.549335548 51.886203186, 4.54932616 51.886511941))"
BH Schuttersveld,"POLYGON((4.491070116 51.933245961, 4.491066093 51.933226115, 4.490887726 51.933250095, 4.490894432 51.933269941, 4.491070116 51.933245961))"
BH Siondwarsstraat,"POLYGON((4.510598795 51.925245367, 4.510487484 51.925295817, 4.510464685 51.925276795, 4.510578679 51.925227172, 4.510598795 51.925245367))"
BH Oostzeedijk Beneden 2,"POLYGON((4.506961305 51.921663388, 4.507095246 51.921633582, 4.507100769 51.921643801, 4.506965448 51.921673607, 4.506961305 51.921663388))"
BH Infirmeriestraat,"POLYGON((4.502267898 51.922291995, 4.50223303 51.922225827, 4.502263875 51.92221921, 4.502298752 51.922287038, 4.502267898 51.922291995))"
BH Metro Oostplein 2,"POLYGON((4.496861076 51.923086586, 4.496885216 51.92309403, 4.496777928 51.923204859, 4.49675647 51.923198242, 4.496861076 51.923086586))"
BH Dirk van der Kooijweg (Waterleliesingel),"POLYGON((4.52006752 51.953764316, 4.520137258 51.95381804, 4.520114459 51.953829611, 4.520046062 51.953775061, 4.52006752 51.953764316))"
BH Metrostation Schenkel,"POLYGON((4.564175209 51.931796897, 4.564184596 51.931780358, 4.56395795 51.931743974, 4.563951244 51.931759685, 4.564175209 51.931796897))"
BH Jacob van Campenweg ,"POLYGON((4.538013763 51.942400682, 4.537984259 51.942476741, 4.537938661 51.942470127, 4.537968165 51.942391588, 4.538013763 51.942400682))"
BH Metrostation Graskruid ,"POLYGON((4.550044431 51.956441924, 4.550005539 51.956436965, 4.549976035 51.956506389, 4.550017609 51.956510521, 4.550044431 51.956441924))"
BH Burgemeester Le Fèvre de Montignylaan,"POLYGON((4.501658808 51.957638237, 4.501751345 51.95759113, 4.501764756 51.957603526, 4.501672219 51.957648981, 4.501658808 51.957638237))"
BH Piet van der Polsingel,"POLYGON((4.518672327 51.950619198, 4.518561015 51.95060184, 4.518552969 51.950618371, 4.518665622 51.950635729, 4.518672327 51.950619198))"
BH Meerum Terwogtlaan,"POLYGON((4.524632984 51.951779504, 4.524641031 51.951762972, 4.52454313 51.951747268, 4.524533742 51.951764626, 4.524632984 51.951779504))"
BH Prins Alexanderlaan (metrobaan zijde),"POLYGON((4.551475855 51.952159676, 4.551436963 51.952231585, 4.551395388 51.952226626, 4.551431598 51.952153063, 4.551475855 51.952159676))"
BH Prins Alexanderplein,"POLYGON((4.553558763 51.951016768, 4.553820261 51.951033556, 4.553812997 51.951063776, 4.553549683 51.951046987, 4.553558763 51.951016768))"
BH Kleine Beer,"POLYGON((4.55502359 51.950924858, 4.555043707 51.950875264, 4.555078576 51.950880223, 4.555057118 51.950928991, 4.55502359 51.950924858))"
BH Mia van Yperenplein ,"POLYGON((4.545607635 51.928413719, 4.545739063 51.928434393, 4.545748451 51.9284162, 4.545614341 51.928394698, 4.545607635 51.928413719))"
BH Paulus Potterstraat,"POLYGON((4.50843064 51.922868281, 4.508580844 51.922838505, 4.508567433 51.92281452, 4.508414547 51.922845122, 4.50843064 51.922868281))"
Trompenburg 1,"POLYGON((4.51838131 51.917715853, 4.518207391 51.917508893, 4.517581983 51.917776533, 4.517701443 51.917826376, 4.51782793 51.917863217, 4.517935092 51.917878387, 4.518015903 51.917883805, 4.518059822 51.917878387, 4.51802293 51.917814457, 4.518239012 51.917766781, 4.51838131 51.917715853))"
Trompenburg 2,"POLYGON((4.518767798 51.917633503, 4.518801177 51.917695266, 4.519011988 51.917640004, 4.518976853 51.917581492, 4.518767798 51.917633503))"
Breeweg no-park,"POLYGON((4.51188205 51.890129468, 4.511849863 51.890467164, 4.512665255 51.891645773, 4.513148053 51.89178482, 4.514113648 51.891811305, 4.515100701 51.891612666, 4.517053349 51.891023365, 4.517106993 51.890659187, 4.516463263 51.889626228, 4.513941987 51.889507039, 4.51188205 51.890129468))"
Metrostation Kralingsezoom (Gravenweg) no-park,"POLYGON((4.531635631 51.922219151, 4.531888287 51.922625008, 4.531947044 51.922672116, 4.532846031 51.92301999, 4.533674508 51.923092464, 4.533927164 51.92301999, 4.536324461 51.921809666, 4.536306834 51.921425545, 4.533239704 51.92099431, 4.532305464 51.921161006, 4.531635631 51.922219151))"
Molenvliet no-park,"POLYGON((4.518683828 51.882669973, 4.518694557 51.882272614, 4.521076358 51.880729501, 4.521387495 51.880742747, 4.52327577 51.88261037, 4.523329414 51.882756067, 4.523340143 51.882901765, 4.522031225 51.883908388, 4.521666444 51.884027592, 4.521237291 51.884014347, 4.520625747 51.883875276, 4.518683828 51.882669973))"
Blijdorplaan no-park,"POLYGON((4.441620716 51.92566548, 4.440087651 51.926274019, 4.438563396 51.927702967, 4.438810096 51.927871395, 4.438686746 51.927942026, 4.438942257 51.928083288, 4.439144904 51.927958326, 4.439532575 51.928398408, 4.442519409 51.927811631, 4.442915891 51.927507372, 4.44216698 51.926274019, 4.441620716 51.92566548))"
Frankendaal no-park,"POLYGON((4.521317621 51.885236845, 4.520920654 51.885336179, 4.518860718 51.886740071, 4.518871446 51.88709766, 4.52004089 51.888018105, 4.521650215 51.888329331, 4.522411962 51.888223382, 4.522808929 51.88789229, 4.52299132 51.887442001, 4.522873302 51.886402346, 4.522701641 51.885938798, 4.521317621 51.885236845))"
Metrostation Schenkel no-park,"POLYGON((4.564022461 51.93053485, 4.562936499 51.930967735, 4.562174132 51.931319451, 4.562031531 51.931664401, 4.56205347 51.931867311, 4.562349641 51.932401637, 4.563062646 51.932844649, 4.56339721 51.932990064, 4.564675135 51.932929192, 4.565240055 51.932841267, 4.566254717 51.932438836, 4.566265686 51.93207022, 4.565377172 51.931055665, 4.564795798 51.930737766, 4.564022461 51.93053485))"
Metrostation Hesseplaats no-park,"POLYGON((4.55217867 51.963151884, 4.553398859 51.964208916, 4.554099561 51.964677873, 4.554461994 51.964845357, 4.556056696 51.964279632, 4.556721155 51.963836725, 4.556811764 51.963494306, 4.555802993 51.96235165, 4.55487275 51.961923611, 4.552239075 51.962794572, 4.552154508 51.962950896, 4.55217867 51.963151884))"
Metrostation Binnenhof no-park,"POLYGON((4.53297035 51.959863397, 4.532902477 51.960208446, 4.533886635 51.961156445, 4.534836856 51.961679229, 4.53564002 51.961588614, 4.537099289 51.961173871, 4.538004262 51.96109371, 4.538043854 51.960755639, 4.536692051 51.959751866, 4.534695454 51.959291796, 4.533485053 51.959859912, 4.53297035 51.959863397))"
Winkelhart Plein 1953 no-park,"POLYGON((4.466916035 51.87591657, 4.467576374 51.87601509, 4.46780199 51.875987912, 4.468088137 51.875756898, 4.469133673 51.875614213, 4.469529877 51.875495308, 4.470091165 51.875002698, 4.470300272 51.874775076, 4.47025625 51.874414956, 4.467895538 51.874146562, 4.467741459 51.873908744, 4.466883018 51.874020859, 4.466486814 51.87413637, 4.465622871 51.874822639, 4.465457786 51.87494834, 4.465512814 51.87532884, 4.465914521 51.875553062, 4.466916035 51.87591657))"
Elandstraat no-park,"POLYGON((4.551582439 51.91122772, 4.553251471 51.911945144, 4.555167845 51.911608185, 4.556260315 51.911142056, 4.556264867 51.910765779, 4.555254332 51.910001983, 4.552195417 51.909878427, 4.551558142 51.910858444, 4.551582439 51.91122772))"
Herenwaard + Keizerswaard no-park,"POLYGON((4.550613663 51.888214996, 4.549229853 51.888591275, 4.548043022 51.888839176, 4.546999648 51.889219888, 4.545981107 51.888445163, 4.545973934 51.887316257, 4.545844823 51.886019086, 4.549129978 51.885611775, 4.55055737 51.885771158, 4.551167061 51.886275867, 4.551109678 51.887081618, 4.550916012 51.887519905, 4.550613663 51.888214996))"
Metro Prinsenlaan no-park,"POLYGON((4.554509248 51.94012617, 4.55445695 51.94049694, 4.55594091 51.942012229, 4.55630046 51.942165367, 4.556457354 51.942137157, 4.558712712 51.941435941, 4.558784622 51.941294891, 4.558666951 51.939944814, 4.557542541 51.939257669, 4.557176454 51.939112582, 4.554509248 51.94012617))"
Grindweg no-park,"POLYGON((4.495457208 51.963424691, 4.496210158 51.963096732, 4.495015824 51.958961036, 4.494275855 51.95914503, 4.495457208 51.963424691))"
Ganzerikplein no-park,"POLYGON((4.469634916 51.959956628, 4.472792095 51.960247789, 4.473550964 51.959788989, 4.473679828 51.958791965, 4.473092779 51.957891977, 4.470816174 51.957843448, 4.470157533 51.958086094, 4.469463097 51.959656642, 4.469634916 51.959956628))"
Noorderhelling no-park,"POLYGON((4.529933624 51.894383729, 4.530729521 51.895202318, 4.535196578 51.895750985, 4.535526409 51.895622668, 4.535497728 51.894976654, 4.53526828 51.894839485, 4.53010571 51.894051864, 4.529933624 51.894383729))"
Stadionlaan no-park,"POLYGON((4.528473302 51.891436863, 4.528336323 51.891805749, 4.529257814 51.893550231, 4.529780823 51.893872991, 4.532458128 51.893035347, 4.532657369 51.892074727, 4.531922667 51.890998807, 4.531636257 51.890868158, 4.528473302 51.891436863))"
Jan Bijloostraat (Winkelcentrum Lage Land) no-park,"POLYGON((4.545822555 51.943106507, 4.547205547 51.942905064, 4.548962006 51.942261157, 4.548962006 51.942221587, 4.547923303 51.941070444, 4.547514824 51.940710706, 4.547223053 51.94056681, 4.546568718 51.940399572, 4.544129696 51.941234903, 4.544072036 51.941593913, 4.544568382 51.942232886, 4.545472025 51.942965652, 4.545822555 51.943106507))"
Winkelhart Katendrechtse Lagedijk no-park,"POLYGON((4.477962204 51.891939711, 4.478498012 51.892058753, 4.479848247 51.892177794, 4.48178787 51.891027048, 4.481680708 51.890656686, 4.480148299 51.89001516, 4.478315837 51.890008546, 4.477447829 51.890226798, 4.477383532 51.890583936, 4.477662152 51.891417246, 4.477962204 51.891939711))"
Piet van der Polsingel no-park,"POLYGON((4.516221584 51.950471833, 4.517962344 51.95208608, 4.518275932 51.952225664, 4.521040149 51.951162668, 4.521080799 51.951101822, 4.519849677 51.949587812, 4.519541897 51.949330103, 4.519268936 51.949245813, 4.51768229 51.949520113, 4.51621819 51.950120388, 4.516221584 51.950471833))"
Heemraadsplein no-park,"POLYGON((4.45273194 51.911647477, 4.452946516 51.911303321, 4.45595059 51.910912833, 4.456272456 51.911051821, 4.457656475 51.912547565, 4.457592102 51.912911566, 4.455360505 51.913666032, 4.454974266 51.913593233, 4.453364941 51.912878475, 4.45273194 51.911647477))"
Willem Ruys/Metro Gerdesiaweg no-park,"POLYGON((4.510393255 51.926486636, 4.510108385 51.926406786, 4.509978899 51.926326935, 4.507686994 51.924290694, 4.507492765 51.923987247, 4.505006631 51.925392671, 4.504281509 51.925839843, 4.504307406 51.926239099, 4.506469825 51.927085511, 4.507026615 51.927037601, 4.509991848 51.926750142, 4.510328512 51.926742157, 4.511588364 51.926469878, 4.510393255 51.926486636))"
Ellemare no-park,"POLYGON((4.490383226 51.871630093, 4.494156838 51.871878821, 4.494419922 51.86968591, 4.490695638 51.86949301, 4.490383226 51.871630093))"
Lusthofkwartier no-park,"POLYGON((4.50631202 51.921828633, 4.509969313 51.921019557, 4.511546189 51.923520289, 4.511797959 51.923642871, 4.512990555 51.925587783, 4.512354504 51.926069912, 4.512102734 51.926233344, 4.511850964 51.926372262, 4.511638947 51.926445806, 4.510419849 51.926478492, 4.510141577 51.926396776, 4.509995815 51.92631506, 4.508763466 51.92520371, 4.508021407 51.924558134, 4.50769013 51.924272116, 4.50631202 51.921828633))"
Burgemeester Oudlaan no-park,"POLYGON((4.521702725 51.917652687, 4.522829619 51.917442473, 4.521955589 51.915913306, 4.520795713 51.91618795, 4.521702725 51.917652687))"
Metro Dijkzigt - EMC no-park,"POLYGON((4.464583275 51.911087239, 4.467565546 51.911215111, 4.468093796 51.911417231, 4.468174036 51.911755471, 4.467458558 51.913116653, 4.467405065 51.913149651, 4.465679894 51.913302266, 4.465358933 51.913228021, 4.464061711 51.911825593, 4.464248939 51.911491479, 4.464583275 51.911087239))"
Waterloostraat no-park,"POLYGON((4.514939471 51.924753052, 4.515671327 51.92450424, 4.512762671 51.920233717, 4.512002667 51.92041311, 4.514939471 51.924753052))"
Winkelhart Asterlo no-park,"POLYGON((4.481179759 51.873439098, 4.48116903 51.87377692, 4.482306287 51.87432008, 4.482874915 51.874551914, 4.483668849 51.874644648, 4.484237478 51.874618152, 4.485739515 51.874068372, 4.486029193 51.873664313, 4.485997007 51.87329337, 4.484741733 51.872392495, 4.482617423 51.872405743, 4.481179759 51.873439098))"
Beverwaardseweg no-park,"POLYGON((4.562358452 51.899206725, 4.564213139 51.899926989, 4.565198847 51.899918986, 4.566262374 51.899502835, 4.567286991 51.89856648, 4.567196202 51.898286371, 4.564900541 51.897534067, 4.563668406 51.897630107, 4.562280633 51.898742549, 4.562358452 51.899206725))"
Sint Franciscus no-park,"POLYGON((4.460619098 51.940549894, 4.46096242 51.940463911, 4.462893611 51.942163706, 4.462872153 51.942520853, 4.462228423 51.942963976, 4.460691623 51.943667674, 4.460332854 51.943577991, 4.458928018 51.942177329, 4.458785325 51.941861055, 4.460619098 51.940549894))"
Wilhelminakade no-park,"POLYGON((4.4871833 51.905737673, 4.487346346 51.908606075, 4.487550194 51.908864208, 4.491412575 51.908394273, 4.491766626 51.907262437, 4.491294557 51.906176906, 4.489298994 51.905806232, 4.4871833 51.905737673))"
Feijenoord no-park,"POLYGON((4.522255879 51.898461342, 4.523544009 51.898214827, 4.525176148 51.897804477, 4.526071192 51.896866948, 4.525995978 51.896514209, 4.5249129 51.896050074, 4.522728452 51.896095954, 4.520352664 51.896654318, 4.519222601 51.8975768, 4.522255879 51.898461342))"
Dwarsdijk no-park,"POLYGON((4.538508823 51.894197698, 4.539410045 51.894684334, 4.53973191 51.894687645, 4.540547302 51.893681263, 4.541008642 51.892482844, 4.541008642 51.892125299, 4.5404722 51.891820721, 4.53931885 51.891675052, 4.5381655 51.891529384, 4.537822178 51.891761129, 4.537167719 51.892694722, 4.537124803 51.893131716, 4.538508823 51.894197698))"
Metro Beurs/Schilderstraat no-park,"POLYGON((4.477723579 51.917552589, 4.478393456 51.91840277, 4.480184087 51.919165537, 4.482412715 51.918569627, 4.483327355 51.916972549, 4.483430413 51.916694445, 4.482232364 51.914874808, 4.481768603 51.914898646, 4.481536723 51.914962216, 4.479076215 51.915868069, 4.477775108 51.917218868, 4.477723579 51.917552589))"
Metro Romeynshof no-park,"POLYGON((4.541647596 51.96162795, 4.542228991 51.9622612, 4.542912967 51.962862846, 4.543234796 51.96305664, 4.544375824 51.962840312, 4.546006909 51.962033577, 4.546511595 51.961515275, 4.546409195 51.961163728, 4.544178338 51.96036147, 4.543680967 51.960253299, 4.54293491 51.960469641, 4.541698796 51.96126739, 4.541647596 51.96162795))"
STC Waalhaven no-park,"POLYGON((4.446305609 51.878739054, 4.446450072 51.8788784, 4.446802202 51.879017745, 4.447966937 51.878956433, 4.449086528 51.878895121, 4.451136102 51.878164946, 4.451090957 51.877819363, 4.450558249 51.876905227, 4.449718555 51.876944246, 4.447876648 51.877222947, 4.446269493 51.87837118, 4.446305609 51.878739054))"
Metrostation Hvh no-park,"POLYGON((4.125995866 51.977216491, 4.126119121 51.977541871, 4.127087559 51.977780482, 4.127862309 51.977281567, 4.129499849 51.975936638, 4.129077258 51.974949607, 4.128408156 51.974960454, 4.126383241 51.975763095, 4.126013474 51.976576569, 4.125995866 51.977216491))"
Marconiplein no-park,"POLYGON((4.428027787 51.912113294, 4.42806637 51.9125298, 4.428394321 51.913315199, 4.429474633 51.913886389, 4.430304158 51.914052985, 4.430747857 51.91424338, 4.432889189 51.914302878, 4.434876191 51.913814991, 4.434934064 51.913493696, 4.434548239 51.9126607, 4.433892335 51.911827689, 4.43350651 51.911542081, 4.428027787 51.912113294))"
Slinge no-park,"POLYGON((4.476288589 51.873857064, 4.476249975 51.87433641, 4.478091841 51.876234862, 4.4789365 51.87602627, 4.479382324 51.875379668, 4.479545441 51.87392431, 4.479407417 51.873642062, 4.478132272 51.873040254, 4.477531961 51.873114571, 4.476288589 51.873857064))"
Rijnhaven/Maashaven no-park,"POLYGON((4.492923678 51.900911523, 4.489999686 51.897217696, 4.490276279 51.896717848, 4.491639492 51.89665689, 4.493042218 51.895047583, 4.494701781 51.895023199, 4.495333996 51.89641306, 4.496519398 51.896864145, 4.498119691 51.897912598, 4.498218475 51.901703889, 4.497823341 51.903276389, 4.496440371 51.903812732, 4.493674433 51.902374341, 4.492880167 51.901025281, 4.492923678 51.900911523))"
Van der Takstraat no-park,"POLYGON((4.494172717 51.913162569, 4.494587824 51.912857703, 4.496183684 51.912791521, 4.497381285 51.912834526, 4.497848969 51.913289888, 4.498027396 51.913884253, 4.49790437 51.914214508, 4.496170727 51.91546228, 4.493928313 51.914151265, 4.494172717 51.913162569))"
Schiedamseweg Beneden no-park,"POLYGON((4.41804476 51.914293976, 4.418207929 51.914923517, 4.421395303 51.915276333, 4.42333002 51.915470331, 4.42341103 51.915458573, 4.424812033 51.914109388, 4.42477391 51.913453887, 4.424030521 51.913500918, 4.41804476 51.914293976))"
Rosestraat no-park,"POLYGON((4.499162136 51.911216205, 4.500117002 51.912208958, 4.500277935 51.912235431, 4.501897989 51.911983936, 4.503968654 51.909568188, 4.50373262 51.909290203, 4.501254259 51.909568188, 4.499097763 51.910322709, 4.499162136 51.911216205))"
Metrostation Graskruid no-park,"POLYGON((4.549592503 51.958152769, 4.551992386 51.957206018, 4.552082758 51.956847114, 4.550998292 51.954415151, 4.550646845 51.954297572, 4.548538161 51.955906523, 4.54845783 51.957484477, 4.549251097 51.958041388, 4.549592503 51.958152769))"
Coen Moulijnweg no-park,"POLYGON((4.524616892 51.894964932, 4.526407184 51.895317747, 4.527666689 51.895259797, 4.528902141 51.895150251, 4.529209934 51.895045825, 4.52963106 51.894695881, 4.529902221 51.894248965, 4.529734505 51.893532112, 4.529468998 51.893316408, 4.524499858 51.892518333, 4.523402663 51.892400965, 4.523270999 51.892807237, 4.524280419 51.89476632, 4.524616892 51.894964932))"
Lombardijen no-park,"POLYGON((4.52812538 51.880444434, 4.528463292 51.880727046, 4.529586035 51.881218247, 4.533064856 51.881175509, 4.533183115 51.880739153, 4.53257215 51.879714318, 4.531406403 51.878943872, 4.528899309 51.879004434, 4.528474193 51.879058266, 4.52812538 51.880444434))"
Willemsplein no-park,"POLYGON((4.479284311 51.910645688, 4.4800246 51.911638453, 4.481247688 51.912379703, 4.482063079 51.912412795, 4.482535148 51.912280429, 4.482781911 51.909719087, 4.482449317 51.909513909, 4.479643592 51.910082483, 4.47942609 51.910085793, 4.479258021 51.910125695, 4.479019904 51.910165735, 4.479137699 51.910455829, 4.479284311 51.910645688))"
Meerum Terwogtlaan no-park,"POLYGON((4.522296021 51.951368464, 4.52283165 51.952990875, 4.523001483 51.953300857, 4.525235448 51.953582658, 4.525490199 51.952077018, 4.525424878 51.950704185, 4.525411814 51.950619639, 4.523811459 51.950639769, 4.522413598 51.951026261, 4.522296021 51.951368464))"
Argonautenweg no-park,"POLYGON((4.491276037 51.95992489, 4.49136853 51.960209864, 4.491461022 51.960266858, 4.491855656 51.960301055, 4.493643842 51.960209864, 4.495136052 51.959552521, 4.495820495 51.95889137, 4.495857492 51.95856459, 4.495728003 51.95818461, 4.495370366 51.957922423, 4.494685922 51.957854026, 4.49217013 51.957968021, 4.491707668 51.958465795, 4.491282203 51.959598118, 4.491276037 51.95992489))"
Sandelingenplein no-park,"POLYGON((4.50472134 51.889788918, 4.507832703 51.890470936, 4.508862671 51.890113374, 4.508927044 51.889610135, 4.507070955 51.888166601, 4.506395039 51.888252685, 4.505118307 51.888914861, 4.504753527 51.889437973, 4.50472134 51.889788918))"
Groene Hilledijk no-park,"POLYGON((4.505093314 51.884892182, 4.506153251 51.884701359, 4.505863922 51.882919317, 4.505788821 51.882336525, 4.505601066 51.881944129, 4.505268472 51.881427553, 4.50261845 51.881533518, 4.502382415 51.881811674, 4.502350229 51.882579908, 4.502564805 51.883467333, 4.502875942 51.883871304, 4.505093314 51.884892182))"
Jacques Duthilweg/Mia van Yperenplein no-park,"POLYGON((4.543767035 51.929100566, 4.544759369 51.929798521, 4.545104862 51.929916877, 4.546850628 51.929331644, 4.547677335 51.928955024, 4.549836478 51.928572444, 4.549921482 51.928372306, 4.549859661 51.928195994, 4.549365094 51.927771888, 4.54779216 51.926803902, 4.547457357 51.926674863, 4.544494347 51.927263278, 4.544343685 51.927294247, 4.543891701 51.927732973, 4.543767035 51.929100566))"
Molenlaan/Grindweg no-park,"POLYGON((4.493473434 51.964996775, 4.495607636 51.964609724, 4.497113657 51.964068841, 4.497870695 51.963671858, 4.497830427 51.962664498, 4.497653248 51.96228239, 4.495599582 51.961265074, 4.495196903 51.961369288, 4.493578131 51.96348329, 4.493296255 51.964708968, 4.493473434 51.964996775))"
Olympiaweg no-park,"POLYGON((4.52955575 51.887875295, 4.531454754 51.886921736, 4.531465483 51.886497926, 4.529727411 51.885021181, 4.52660532 51.886140333, 4.526648235 51.886537658, 4.527291966 51.88703431, 4.52955575 51.887875295))"
Oostzeedijk Beneden no-park,"POLYGON((4.509464919 51.921122622, 4.509217511 51.920839243, 4.50885229 51.920744784, 4.506083677 51.920621259, 4.505624205 51.920730251, 4.503503565 51.921158952, 4.502443245 51.921413264, 4.500334386 51.922372371, 4.500028072 51.922670271, 4.500063416 51.923069891, 4.501147298 51.923273332, 4.503338626 51.923818259, 4.503538909 51.92383279, 4.506920151 51.922888246, 4.506329975 51.921899223, 4.509464919 51.921122622))"
Metro Coolhaven no-park,"POLYGON((4.456728877 51.910188748, 4.457490624 51.910559387, 4.459024848 51.910420398, 4.460054816 51.909910767, 4.459947528 51.90970559, 4.45863861 51.908309034, 4.458391846 51.908150181, 4.45633191 51.908467886, 4.456095875 51.909169476, 4.4565143 51.909950479, 4.456728877 51.910188748))"
RCD no-park,"POLYGON((4.464834402 51.924081231, 4.479231701 51.927596128, 4.479842383 51.926375075, 4.48113777 51.925370819, 4.479971922 51.924971393, 4.480064449 51.924629025, 4.47323591 51.922905733, 4.471496391 51.922312266, 4.467887814 51.921513356, 4.465741173 51.92123944, 4.46513049 51.922700303, 4.464834402 51.924081231))"
Kievitslaan no-park,"POLYGON((4.472073563 51.90977768, 4.474627182 51.908084016, 4.475131438 51.907283124, 4.474251673 51.905952685, 4.473865435 51.905694535, 4.472814009 51.905999019, 4.471075938 51.907104411, 4.471161768 51.90744198, 4.470379514 51.909278244, 4.472073563 51.90977768))"
Sparta stadion no-park,"POLYGON((4.432178191 51.919834886, 4.432428428 51.920070066, 4.433500872 51.920433857, 4.434716571 51.920829063, 4.435205949 51.9202247, 4.435858463 51.919567362, 4.435556391 51.919254281, 4.435335944 51.918916204, 4.435079749 51.918669994, 4.434275416 51.918673669, 4.432184149 51.919618079, 4.432130527 51.91966585, 4.432178191 51.919834886))"
Alexanderplein no-park,"POLYGON((4.550853119 51.953635192, 4.55276923 51.952737425, 4.553475166 51.951763672, 4.55596275 51.952012292, 4.556198062 51.951901794, 4.556960024 51.951218085, 4.55699364 51.950900398, 4.556612659 51.950748461, 4.556713507 51.950389333, 4.5564894 51.949974951, 4.556175651 51.949622723, 4.555391278 51.949325745, 4.554965475 51.949463874, 4.55260115 51.949968044, 4.551458206 51.950251206, 4.549777407 51.950817523, 4.548925801 51.951556488, 4.548925801 51.951970855, 4.549319526 51.952839729, 4.550853119 51.953635192))"
Tongelaarweg no-park,"POLYGON((4.561789998 51.895866451, 4.56227986 51.896361105, 4.562653936 51.896504004, 4.563206144 51.896575454, 4.564239308 51.896344617, 4.564497598 51.896251183, 4.56535263 51.895553168, 4.565815772 51.895042016, 4.565771239 51.894657274, 4.563802885 51.89392076, 4.563081452 51.893744874, 4.562725189 51.893838313, 4.562057196 51.894261537, 4.561789998 51.895866451))"
Oude Haven no-park,"POLYGON((4.490150131 51.919704406, 4.490903401 51.919664201, 4.491363329 51.919894262, 4.492877111 51.919474344, 4.493521736 51.920039446, 4.492887975 51.920356615, 4.492674308 51.920488395, 4.492009002 51.920541659, 4.491655758 51.920552252, 4.49102515 51.920249284, 4.49013278 51.919805836, 4.490073289 51.919775434, 4.490150131 51.919704406))"
Prinsenlaan no-park,"POLYGON((4.533688674 51.937121873, 4.533729198 51.936788751, 4.533783229 51.936676322, 4.534613969 51.936801243, 4.539490345 51.937667354, 4.539422805 51.938050437, 4.536680688 51.937588239, 4.533688674 51.937121873))"
Metrostation Nesseland no-park,"POLYGON((4.584705872 51.977820636, 4.584320218 51.978145286, 4.584165957 51.978509525, 4.584693016 51.979689321, 4.584834423 51.979895188, 4.586891241 51.98030692, 4.587379736 51.980291084, 4.588163898 51.97996645, 4.588292449 51.979594305, 4.587958216 51.978406588, 4.58786823 51.978105695, 4.586891241 51.977559331, 4.584705872 51.977820636))"
Langenhorst no-park,"POLYGON((4.494532851 51.875782524, 4.494230792 51.875679469, 4.493706165 51.875404653, 4.492211771 51.873898043, 4.492211771 51.873500525, 4.494055917 51.872568062, 4.494397719 51.872538615, 4.49620212 51.873844059, 4.496520076 51.874099254, 4.496464434 51.874511489, 4.494850807 51.875748172, 4.494532851 51.875782524))"
Beverwaard no-park,"POLYGON((4.568672239 51.893431763, 4.570229112 51.893334714, 4.570527906 51.893208549, 4.57098396 51.892946514, 4.571046864 51.892626247, 4.569537169 51.888200506, 4.570480728 51.88754049, 4.571031138 51.88646309, 4.571204124 51.885783635, 4.570873878 51.884910035, 4.567272626 51.88474502, 4.56702101 51.884861501, 4.56662786 51.885502143, 4.56654923 51.885812755, 4.565354055 51.887928736, 4.564898001 51.888744042, 4.564866549 51.889064337, 4.56717827 51.892218632, 4.568672239 51.893431763))"
Westplein no-park,"POLYGON((4.476305575 51.908562166, 4.478150935 51.910455107, 4.480489821 51.90997857, 4.480897517 51.90891958, 4.479652972 51.907423715, 4.477056594 51.907728187, 4.476305575 51.908562166))"
Kraaierstraat no-park,"POLYGON((4.417322609 51.920028663, 4.419646722 51.92029619, 4.420707032 51.91916662, 4.420696321 51.918806605, 4.419378967 51.918235198, 4.417960511 51.917668253, 4.41787196 51.917663288, 4.416835462 51.918335052, 4.416888308 51.918685446, 4.417322609 51.920028663))"
Jacob van Campenweg no-park,"POLYGON((4.537348689 51.943773235, 4.538911604 51.943520418, 4.540319336 51.942912285, 4.540385843 51.942536468, 4.539471371 51.941572997, 4.539022449 51.941303084, 4.538635304 51.941114558, 4.537554667 51.941110394, 4.536980579 51.941272776, 4.535656798 51.941780735, 4.535589258 51.942155455, 4.536210625 51.942892395, 4.536555078 51.943392008, 4.536967071 51.943700101, 4.537348689 51.943773235))"
Beethovensingel no-park,"POLYGON((4.50366187 51.960521989, 4.503772158 51.960879673, 4.504933088 51.961956283, 4.505635451 51.962253151, 4.505995339 51.962195924, 4.50655839 51.961802483, 4.507411674 51.960572065, 4.507423283 51.960482644, 4.507260753 51.960164303, 4.505113032 51.959710037, 4.503981125 51.959799459, 4.503754744 51.960082034, 4.50366187 51.960521989))"
Siciliëboulevard no-park,"POLYGON((4.581429683 51.978471077, 4.58173454 51.978561937, 4.582993304 51.979373618, 4.583170318 51.979512935, 4.583209654 51.979900596, 4.582865461 51.980639568, 4.58216724 51.981408811, 4.581931222 51.981705603, 4.581410015 51.982511169, 4.581046153 51.982553567, 4.578794146 51.979313045, 4.578902321 51.978961722, 4.580347933 51.978677027, 4.581429683 51.978471077))"
Meijersplein no-park,"POLYGON((4.462641142 51.957232879, 4.462727018 51.957269516, 4.46515796 51.956154095, 4.465250441 51.955824348, 4.464774822 51.955111924, 4.464186904 51.954472769, 4.463856613 51.954285498, 4.462442968 51.954655967, 4.461544576 51.954997935, 4.461227497 51.955478315, 4.461286949 51.955836561, 4.462641142 51.957232879))"
Metrostation Oostplein no-park,"POLYGON((4.495182454 51.92421398, 4.495905995 51.924563711, 4.496306876 51.924563711, 4.498369945 51.924141622, 4.498575275 51.924045144, 4.499905026 51.923056231, 4.499817028 51.922000965, 4.498017952 51.921319551, 4.497851734 51.921307491, 4.495720221 51.921723577, 4.495260674 51.921946693, 4.495114011 51.922314532, 4.495055345 51.923978815, 4.495182454 51.92421398))"
Oosterflank no-park,"POLYGON((4.552873907 51.948283978, 4.553254706 51.948382406, 4.555772893 51.94695896, 4.555908015 51.946716666, 4.556583627 51.945929204, 4.557050413 51.945421889, 4.55697671 51.945126584, 4.555662339 51.943778756, 4.555256972 51.943612167, 4.552873907 51.944437531, 4.552603662 51.944679836, 4.552124592 51.944990288, 4.551640746 51.946035651, 4.551640746 51.946390724, 4.552873907 51.948283978))"
Guido Gezelleweg no-park,"POLYGON((4.521827974 51.87313099, 4.524456539 51.873084621, 4.524649658 51.873323086, 4.525529422 51.874926067, 4.525035896 51.875336739, 4.522267856 51.875846762, 4.521892347 51.875800397, 4.520840921 51.874806839, 4.520722904 51.874449153, 4.521827974 51.87313099))"
Vierhavenstraat no-park,"POLYGON((4.433685009 51.911690374, 4.433372926 51.911513259, 4.432958521 51.910270827, 4.433112675 51.909947497, 4.433710792 51.909418752, 4.436356074 51.909049768, 4.436460898 51.909049768, 4.436676714 51.909365497, 4.433803284 51.911716275, 4.433685009 51.911690374))"
Schuttersveld no-park,"POLYGON((4.4887609 51.933538214, 4.492331262 51.93347951, 4.492720035 51.933362102, 4.49313261 51.933039228, 4.493081038 51.932684553, 4.492085304 51.932305415, 4.490462772 51.932442394, 4.490085901 51.932535344, 4.488709328 51.933188435, 4.4887609 51.933538214))"
Station Rotterdam Zuid no-park,"POLYGON((4.503709484 51.90655144, 4.50446917 51.907859833, 4.505149722 51.908426141, 4.506447519 51.910369109, 4.506764055 51.910613195, 4.51029343 51.910056678, 4.51029343 51.909656372, 4.509660358 51.908260155, 4.51064162 51.906658846, 4.510942329 51.904862188, 4.510768234 51.904461836, 4.510467525 51.904276306, 4.511559574 51.903036163, 4.5115754 51.902772506, 4.511337999 51.902772506, 4.509976894 51.904178658, 4.508046025 51.904500895, 4.506400039 51.905301595, 4.504358382 51.905233243, 4.503709484 51.90655144))"
Walenburgerweg no-park,"POLYGON((4.46120841 51.927726909, 4.462855846 51.928032503, 4.46375323 51.927978818, 4.463840289 51.927962299, 4.463940743 51.927912744, 4.464597038 51.927346977, 4.464818036 51.927033118, 4.46483143 51.926616013, 4.464342556 51.925546388, 4.463485354 51.925344024, 4.462855846 51.925389452, 4.462038825 51.925546388, 4.460846777 51.925893296, 4.460311026 51.926099788, 4.460284238 51.926463211, 4.460933837 51.927508035, 4.46120841 51.927726909))"
Zuidplein/Strevelsweg no-park,"POLYGON((4.484607745 51.885761838, 4.486384194 51.885303965, 4.486930794 51.884568949, 4.491889233 51.884882236, 4.495520217 51.883858019, 4.493802332 51.887171576, 4.49321669 51.888533076, 4.49473936 51.888942723, 4.496554852 51.888761997, 4.497745658 51.889412607, 4.497862787 51.890496937, 4.497745658 51.890749943, 4.497160016 51.890858374, 4.494817446 51.89059332, 4.494114675 51.889978871, 4.491694019 51.889749957, 4.491323112 51.889075255, 4.49060082 51.889207786, 4.490952205 51.889930679, 4.488277771 51.890484889, 4.484607745 51.885761838))"
P+R Capelsebrug no-park,"POLYGON((4.55742914 51.92090784, 4.557525699 51.920563755, 4.558394735 51.919571187, 4.560594146 51.919643977, 4.561066215 51.919902046, 4.561538284 51.921390879, 4.561430996 51.92172834, 4.558780973 51.922323855, 4.557761734 51.922224603, 4.55742914 51.92090784))"
Melanchtonweg no-park,"POLYGON((4.464125705 51.948178642, 4.463776515 51.948746711, 4.463436112 51.949323324, 4.463830791 51.950166823, 4.4644184 51.950230391, 4.465067722 51.950362304, 4.465468908 51.950228711, 4.465762286 51.950122818, 4.466449172 51.949892774, 4.467048193 51.949263048, 4.467107065 51.948901241, 4.46682618 51.948594173, 4.466584887 51.948511795, 4.465312716 51.948191773, 4.464290303 51.947940183, 4.464125705 51.948178642))"
Feijenoord no-park,"POLYGON((4.5082441 51.897018053, 4.509156701 51.898471967, 4.509372407 51.898697217, 4.510533899 51.898973659, 4.510799383 51.898922466, 4.513719707 51.897898598, 4.513769485 51.897448089, 4.512541622 51.894878051, 4.511396722 51.893587857, 4.510799383 51.892563867, 4.509123516 51.892246426, 4.508260693 51.892461467, 4.507431056 51.894366074, 4.505008515 51.894294396, 4.504593696 51.894601584, 4.504394583 51.894837093, 4.504427769 51.8965061, 4.504543918 51.896772316, 4.505622446 51.896997575, 4.5082441 51.897018053))"
Dirk van der Kooijweg (Waterleliesingel) no-park,"POLYGON((4.519580215 51.955225897, 4.521391597 51.954862445, 4.521830902 51.954606543, 4.522011438 51.953872208, 4.521848955 51.952948709, 4.521698508 51.952651998, 4.518539122 51.952462844, 4.518322478 51.952763265, 4.518352567 51.953093354, 4.519580215 51.955225897))"
Burgemeester Le Fèvre de Montignylaan no-park,"POLYGON((4.499872385 51.958749724, 4.502961336 51.958967681, 4.503181414 51.958710975, 4.50363729 51.956947901, 4.503480091 51.956633059, 4.501633008 51.956390871, 4.500123902 51.956400559, 4.49931433 51.957320865, 4.499188571 51.957698669, 4.499872385 51.958749724))"
Franselaan no-park,"POLYGON((4.418052642 51.917709785, 4.419973029 51.918548376, 4.421210963 51.918545113, 4.421538963 51.918417857, 4.422999092 51.917272537, 4.42297793 51.916903809, 4.421845802 51.916450238, 4.420877673 51.916280555, 4.420438577 51.916378449, 4.4180209 51.917354113, 4.418052642 51.917709785))"
